{
    "stopped_at_goal": true,
    "no_collision": false,
    "flight_time": 7.92,
    "flight_distance": 12.31,
    "planning_time": 1.38,
    "collision_point": [4.933821592698762, 4.758922772372426, 1.5140822892567367],
    "sim_exit": "Success: End reached."
}